Gene,Fold Change
Zar1,22.716
Ccdc153,-19.9539
Trpa1,-19.6865
Calml4,-17.3328
Fam216b,-15.2117
Gjb4,14.2284
Gng8,13.3085
4833415N18Rik,12.1882
Rtl3,-12.1309
Chodl,12.1209
Ogn,-12.0852
Chmp4c,11.93
Penk,11.7795
Shisa8,11.6237
Ly6g6e,11.535
Gm13749,10.5418
Ccdc68,10.3137
Kcnj13,-9.5561
Serpina9,9.3627
Cldn3,9.1586
Cstl1,9.0149
Slc13a4,-8.6891
Tdrd9,8.6089
Otx2,-8.5709
Gsdma,8.1616
Ptprcap,7.9419
Slc22a2,-7.9398
Oit3,7.7716
Serpina3g,6.9497
Drd4,6.7888
Gm4265,-6.5931
Lefty2,6.5822
Agmat,6.5644
Vwa3a,-6.5399
Cdc25c,6.4361
Cfap53,-6.4027
Mpzl2,-5.8632
Prlr,5.8466
Il1r2,5.7011
Lbp,-5.6034
Gpr88,-5.548
Aldh1a2,-5.5179
Trabd2b,-5.4994
Gm16551,-5.4697
Stac,5.4002
Vwa5b1,-5.3287
Ramp3,-5.3129
Ak7,-5.2954
Dnah6,-5.2148
Tmc6,5.1366
F2rl2,5.0909
Rmrp,5.0537
Pcdhb1,-5.0043
Col6a1,5.0035
Slc47a1,-5.0023
Wnt9a,-4.9953
Wisp1,4.9692
Cxcl10,4.969
Wfikkn2,-4.913
Col6a4,-4.8959
3300002P13Rik,-4.8177
Tdo2,-4.642
Fam160a1,-4.6093
Dusp9,4.6035
Serinc2,4.592
Cxcl5,4.5345
Igfbp6,4.4743
Aplnr,4.409
Ttr,-4.4035
Rprm,4.3425
Drd1,4.3198
Rbp3,4.3068
Slc22a6,-4.3053
Rasef,4.2986
Loxhd1,4.2539
C630031E19Rik,-4.2323
Aox3,-4.2156
Cd1d1,4.1992
Nptx2,4.1986
Gmnc,-4.1789
Wnt16,-4.1278
Drc7,-4.1222
Necab3,3.9534
Scgn,-3.9517
Cda,3.9286
Col18a1,3.8895
Cdh7,3.8538
Fbln2,3.8323
Tmem171,-3.8111
Gm16796,3.7963
Arsi,-3.7795
Igfbpl1,3.7251
Gfra2,-3.6711
Sorcs1,3.65
Ptgds,-3.6076
Trdn,-3.576
Pgr15l,3.5723
Dsp,-3.5402
Sema3a,3.5261
Onecut1,-3.5234
Prom2,3.4862
Aspg,3.4824
Gm20125,3.4693
Batf3,3.4661
Gal,3.4594
Tac2,3.444
Adamts18,3.4438
Tusc5,-3.4378
Gpc3,-3.4351
Dnah11,-3.4337
Iqca,-3.4329
Lemd1,3.4189
Foxp2,3.4126
Cngb1,-3.3976
Tnnt2,-3.3974
Col27a1,3.3434
Tnn,3.3316
Mybpc3,3.3035
Icam4,-3.2957
Plpp4,3.2522
Fbn1,-3.2333
Slc26a10,-3.2287
Clic6,-3.2266
Il27ra,-3.2172
Capn3,-3.2075
Myo1h,-3.202
Gpr83,3.1692
Akr1b8,3.1622
Ryr1,-3.1364
Gpnmb,3.1362
Ptger3,3.1053
Grp,3.1038
Pappa2,3.1005
Npy,3.0775
Acvr1c,3.0722
Hist1h1e,3.0699
Ptx4,-3.055
Clec1a,-3.0506
Phex,3.0458
Pappa,3.0408
Tnfrsf12a,3.0064
Card6,-2.9957
Slc6a13,-2.9956
Rgs13,-2.9916
Plekhd1,-2.9883
Sphk1,2.9613
Smyd1,2.9599
Cacng5,-2.9574
Piezo2,2.9104
Kcna5,-2.89
Gadd45a,2.8759
Sp6,-2.8678
Gm16740,-2.8606
Kcne1l,2.8539
Cort,-2.8514
Acot12,-2.84
Htr5b,2.839
Ror1,-2.8299
Sox11,2.8285
Gfap,2.8245
Gimap4,2.8207
Tecta,2.8123
Ngb,-2.7996
Slc17a9,-2.7926
Itpr1,-2.7923
Igfbp5,-2.7842
Lrrc36,-2.7802
Fat4,-2.7772
Rgs4,2.7723
Atp6v1c2,-2.7691
Asic4,-2.7669
Megf11,2.7667
Otof,-2.7549
Slc6a20a,-2.7474
Oprd1,2.7382
Umodl1,-2.7353
Gpr139,2.7236
Ppp1r3b,-2.7231
Ntf3,-2.7201
Bmp3,2.7027
Gm16907,-2.6984
Mei1,2.6914
Agtr1a,-2.69
Igf2,-2.672
Kif4,2.6647
Blnk,2.6518
Sec14l4,-2.6491
Ecel1,2.6419
Dach2,2.6383
Gck,-2.6379
Scand1,2.6355
Cdca2,2.6286
Kcne4,-2.628
Ret,2.627
Sgcz,2.6246
Slc43a3,2.6224
Cass4,2.6116
Pdlim1,2.6046
Scube1,2.5885
Spint1,2.5856
Pla2g4e,-2.5747
Pclaf,2.5742
Acp7,2.5699
Slc10a4,2.558
Neurod4,2.5543
Trim67,2.5538
Pou6f2,2.5429
Pdyn,-2.5422
BC018473,-2.5418
Serpina3n,2.5389
Endou,2.5354
Ppl,2.5238
Plekhg4,-2.5225
Tcim,-2.5212
Tnxb,-2.5183
Nkx3-1,-2.5039
Lamc2,2.5013
Upp1,-2.4973
Gm11549,2.4916
Bhlhe41,2.4905
Shh,2.4873
Ghsr,2.4841
Sema3e,2.4793
Ecm2,-2.4729
Gypc,-2.4646
Zfp987,-2.4555
Adra2c,2.4548
Tcf23,-2.4513
Cyp27b1,-2.4474
Asb11,-2.4427
Ier5,2.4363
Lum,-2.422
Ubald2,2.4189
Ralgapa2,-2.4126
Plekhh2,-2.4066
Catsperg1,-2.4063
Tmem158,2.4019
Fzd5,-2.3992
Nptxr,2.3947
Acta2,-2.3942
Fhad1,-2.3789
Asb18,-2.3776
Otop2,2.3758
Kcnk9,-2.3724
Hrk,-2.3603
1700063D05Rik,-2.3589
Sp9,2.3583
Mkx,-2.3465
Ngfr,-2.345
Six4,2.3431
Adgrf4,2.3421
Ccnb1,2.3245
Pparg,2.3219
Lmo1,-2.3192
Dusp5,2.31
Lamb3,-2.3045
Fndc1,-2.2945
Parp3,2.2913
Osmr,2.2838
Xkrx,-2.2833
Sema3c,2.2784
Grik3,-2.2742
Zfp703,2.2729
Wnt10a,2.2687
Gadl1,2.2608
Fam111a,2.2569
Adcy1,-2.2538
Calb1,-2.2491
Matn2,-2.2431
Pdzd3,-2.2382
Ctxn3,2.2361
C4b,2.2359
Alx4,-2.2323
Gm7367,-2.2322
Kcng3,-2.23
Cenpi,2.2276
A230077H06Rik,-2.2271
P4ha3,2.2266
Npas4,-2.2247
Hspb6,2.2226
Zfp771,2.2211
Eda2r,2.2193
Pla2g2f,-2.2189
Mkrn3,2.2156
Prcd,-2.2145
Chst7,2.2141
AW549542,-2.2132
Lhfp,2.2125
Egln3,2.2113
Lgr6,-2.2071
S100a10,2.2035
Cish,2.2004
4931408D14Rik,2.1992
Tmem91,2.1899
Rassf8,2.1793
Pgm5,-2.1753
Fosb,2.1707
Sh2d5,2.1677
Olfml2a,-2.1642
Mamdc2,2.1629
Ccdc69,-2.1604
Hcrtr1,2.1508
Dcx,2.1505
Abca4,2.1502
Kif18a,2.1474
Cox6a2,-2.1428
Cdhr3,-2.1362
Fras1,2.1322
Sypl2,-2.1241
Cntf,2.1169
Unc5d,2.1144
Insm1,2.1114
Sulf1,2.1109
Fam222a,2.1103
Aloxe3,-2.1096
Slc9a5,-2.1074
Vgf,2.1009
F13a1,-2.1004
Igsf1,-2.1003
Lhfpl1,2.0991
Wnt2,2.094
Arc,2.0875
Cyth4,-2.0838
Kl,-2.0834
Bcl6,-2.0762
Tymp,2.0733
Impg2,2.0694
Fam196a,2.069
Mpp7,2.0678
Tmco5,-2.0609
Dbh,-2.0605
Ptchd4,-2.0556
Lpo,2.0552
9930014A18Rik,-2.0551
Sec1,-2.0531
Gadd45b,2.0509
Smo,-2.0497
Tnfsf13,-2.0477
Ccnb2,2.0449
Mcub,2.0442
Pik3r1,2.041
Gpr12,-2.0406
Panx1,2.0393
Cobl,2.0391
Gabrd,-2.0347
Pthlh,-2.0328
Rxfp3,2.0327
Enpp1,-2.0324
Lama1,-2.0319
Pip5k1b,-2.0283
Slc5a3,2.0277
Tnfrsf8,2.0252
Bmp7,-2.0251
Cd24a,2.0247
Egfem1,-2.0237
Draxin,2.0211
Hspa1b,2.021
2310002F09Rik,2.0184
Ckap2,2.0169
Shmt1,-2.0146
1700030C10Rik,-2.0106
Mki67,2.0079
Kcnf1,-2.0051
Rasgrp1,2.002
Colgalt2,-1.998
Lpar4,-1.9937
Gm20063,-1.9921
Noxred1,1.992
Trnp1,1.991
2810029C07Rik,-1.9875
Gm3893,-1.9865
Sstr2,1.984
Ccno,-1.9835
Tacr1,1.9825
Gm16432,1.9797
Gm7334,-1.9786
Hmmr,1.975
D630023F18Rik,1.9738
Mlip,-1.9732
Chsy3,1.972
Mfsd12,1.9683
Frzb,-1.9671
Gja3,1.9648
Rara,1.9639
Adamts1,-1.9632
Flt3l,-1.9555
BC028528,-1.9554
Fam129b,1.9486
Pde4b,1.9485
Rasgrf2,-1.9479
Vash2,1.9432
Zfp992,-1.9403
6430411K18Rik,1.9385
Tnfrsf25,1.9367
Csf1,-1.9364
F730043M19Rik,-1.9356
Col5a1,-1.9346
Ermn,1.9338
Chst9,-1.931
Ddn,-1.929
Scrt2,1.9282
D16Ertd472e,-1.9281
Gcnt1,1.9253
Stard13,-1.9225
Gch1,-1.9221
Olfm2,1.9219
Tnfrsf22,-1.9213
Nyx,-1.9212
Lpar2,1.9211
Sox4,1.9205
Dpysl3,1.9201
Ier5l,1.919
Tbc1d8b,-1.9159
Klhdc8b,1.9127
Clspn,-1.9115
Gm10432,-1.9083
Jph1,-1.9081
Ucma,1.9059
Cacna1g,1.9054
Ppp1r32,-1.9035
Echdc2,-1.9026
Megf6,1.9025
Plscr2,1.8994
Pcdh7,1.8984
Hsph1,1.8959
Nxph2,1.8948
Zfp934,-1.8938
Jund,1.8937
Cdkl1,-1.8923
Il20rb,-1.8922
Man1a,1.8862
Ap1g2,-1.8835
Tspan18,-1.8833
Tll1,1.8829
Lct,-1.8824
Grm8,1.8793
Slc2a9,-1.8789
Scml4,1.8787
Hist2h2aa1,1.8778
Csgalnact1,-1.8749
Thbs4,1.8721
Mmp19,1.8692
Fabp7,-1.8682
Mex3a,1.8633
Drd5,-1.8602
A330102I10Rik,1.8571
Sfrp4,1.8548
Slc38a11,-1.8536
Ubxn10,-1.8528
Ano2,-1.8527
Kcnip3,1.8503
5930430L01Rik,-1.8502
Rgs6,1.8485
Dgkh,-1.8466
BC030500,1.846
Frmd3,1.8455
Cdk18,1.8436
Abcc8,-1.8422
Arhgef15,1.8417
Snhg7,-1.8406
Oacyl,-1.8389
Itga7,-1.8372
Spon1,-1.8364
Gm5148,-1.8361
Kif17,1.8357
Nbeal2,-1.835
Il16,-1.8341
Gm3317,-1.8319
Gm3488,-1.8319
Kcnk12,1.8314
Socs2,1.8309
Thsd7b,1.8286
Maml2,-1.8256
Ppic,-1.8242
Pde7b,-1.8236
Lrrc55,1.823
Prc1,1.8218
Itgav,1.8209
Cela1,1.8178
Loxl1,1.8173
Nek10,-1.8168
Trpm3,-1.8144
Fam84b,-1.8144
Sox9,1.8117
Serf1,1.8098
Sntg2,-1.809
Asap3,1.8079
Cd83,-1.8068
Rbm24,-1.8064
Jag1,-1.8053
Prkab2,1.8044
Gm11681,-1.8018
Il1r1,-1.7964
Txnrd3,1.7963
Ranbp3l,-1.7956
Fam83d,-1.7939
Bgn,1.7934
Fam163b,-1.789
B430212C06Rik,1.7884
Baz1a,1.7857
Lck,-1.7857
Gm15319,-1.7842
Dgkb,1.7826
Efr3a,1.7808
Gm14057,1.778
E330009J07Rik,1.7779
Isoc1,-1.7774
Adamts6,1.7772
Lncppara,-1.7769
C1qtnf6,-1.7753
2900005J15Rik,-1.7741
Prss35,1.774
Zfp580,1.7689
Gbp3,1.7676
Tmtc4,-1.7674
Fnip2,-1.7663
Zbtb16,-1.7653
Rasl10a,1.7641
Pla2g2d,1.7639
Cyp2e1,1.7615
Rab8b,1.7594
Smpdl3b,-1.7586
Mcm6,-1.7576
Cbln4,1.7566
Cbln1,1.7563
Ahcyl2,-1.7563
Zfp867,-1.7556
Gpr17,1.7499
L3hypdh,1.7492
B3galt5,-1.7478
2310030G06Rik,-1.7475
Nnat,1.7464
Tmem200c,1.7464
Asb2,1.744
Tgfb3,1.7438
Slc25a34,-1.7427
Dpy19l3,1.7426
Accs,-1.7421
Parvb,-1.7415
B3gnt7,1.7414
Kirrel2,-1.7404
Hrh2,1.7403
Stc1,-1.7394
Lpin3,1.7384
Sertad1,1.737
Bcl2l11,1.7366
Dusp26,1.7349
C130036L24Rik,-1.7346
Ston1,-1.7345
Zfhx4,-1.7342
D630041G03Rik,1.7334
Nectin3,1.7327
Kcnq5,1.7313
Arpp21,1.7308
Gm3558,-1.7304
Pcsk1n,1.7298
Slc9a2,1.7277
Rgs14,-1.7271
Rem2,1.7267
Usp51,-1.7267
Top2a,1.7267
Cdc42ep3,1.7262
Efcab10,-1.7244
Serpinb8,1.7243
Traf5,1.724
Krt10,-1.7237
Slc18a2,1.7233
Hspa1a,1.7232
Neurl2,-1.7226
Stk40,1.7224
Aldh1l2,1.7212
Ociad2,1.719
Lppos,-1.7185
Thbs3,-1.7185
Stc2,-1.7171
Scn9a,-1.7165
Gm9958,-1.7161
Eomes,1.7155
Slc41a2,1.7142
Rrm2,1.7139
Gm21119,-1.7137
Mreg,1.7127
Hapln4,1.7119
Myo3b,1.7118
Hes1,1.7114
Adamts4,1.711
Trak2,1.7108
6330549D23Rik,-1.71
Aspm,1.709
Plch2,1.7088
Klhdc9,-1.7074
Cenpa,-1.7063
Znf41-ps,-1.7061
Il11ra1,-1.7037
Ccdc3,1.7036
Prkcd,-1.7007
Srl,-1.7001
Spag5,-1.697
Esrrb,1.6969
Trp53i11,-1.6964
Flt3,-1.6963
Plcxd3,1.6956
Rspo2,1.6955
Ccnf,1.6951
Gpr153,1.6933
Parm1,-1.6931
Ptpn5,1.6922
Tenm1,-1.6919
E130008D07Rik,-1.691
Gss,-1.6906
Zfp808,-1.6905
AU023762,1.6902
S100a6,1.6902
Gm5468,1.689
Mc4r,-1.6889
Acvr1,1.688
Basp1,1.6877
Gpr3,1.687
Igsf10,1.6866
Gdf10,-1.6851
Grpr,1.6831
Kitl,-1.6825
Nfkb2,1.682
Slc16a11,-1.6817
Jup,1.6802
St8sia2,1.6802
Fam43b,1.6798
Fosl2,1.6788
Trp63,-1.6785
A230103J11Rik,1.6777
Vrk1,-1.6774
Zic1,-1.6769
Serpinf1,1.6767
Pnck,-1.6765
Hmox1,1.6763
Igsf9,1.676
Lcorl,-1.6752
Tesc,1.6735
Plcg2,-1.6729
Cldn5,1.6727
Frmpd1,-1.6691
Lrrn4,-1.6691
Sv2c,1.668
Cdyl2,1.6679
Sv2b,1.6678
4930570G19Rik,-1.6674
Kctd14,-1.666
Fam171a2,1.6653
Egfl6,-1.6643
Amer3,-1.6628
Mfap4,1.6614
1810032O08Rik,-1.6602
Miat,-1.6599
Shisa4,1.6589
Gm3002,-1.6586
Lgals4,-1.6565
5730559C18Rik,1.6565
1600020E01Rik,-1.6528
Pdzrn3,-1.6514
Krt77,-1.6513
Chil1,1.6494
Gpat3,1.6489
Iigp1,-1.6486
Sap30,1.6485
Ptgs2,1.6481
Adam19,1.648
Gm1673,1.648
Cirbp,-1.6474
Sema5b,-1.6469
Chchd10,1.6446
Midn,1.6433
Adcyap1r1,-1.6429
Medag,1.6421
Sned1,-1.6405
Lsm11,1.6395
Pcdh8,1.6385
Rph3al,-1.638
Dmrta2,1.6377
Ehhadh,-1.6368
Hoga1,-1.6367
Cped1,-1.6352
Plxdc1,1.6345
Kcnh5,-1.6339
Obscn,-1.6336
Rab39,1.6336
Csmd3,-1.6335
Rprml,1.6326
Foxk1,-1.6321
Hpgd,1.6311
LOC100861615,-1.6299
Fam117a,-1.6299
Slc35g1,-1.6292
Ptgfrn,1.6268
Cldn11,1.6265
Ell2,1.6265
Psmc3ip,-1.6259
Arhgef3,-1.6257
Tuba8,1.6252
Parp8,1.6248
Ndst4,-1.6248
Epop,-1.6247
Rnaseh2c,1.6214
Slc20a1,1.6203
Cdc42ep4,-1.6196
Aim2,-1.6194
2610316D01Rik,-1.619
Arhgap20,-1.6183
Hpdl,-1.6181
Slc17a6,1.6176
Ppp1r3g,-1.6174
Syt12,1.6167
Rsrp1,1.6155
Ecm1,1.6133
Gpc2,1.6129
1700123M08Rik,-1.6126
Frmd4b,-1.6123
Gad2,1.6102
Ipw,-1.6102
Bhlhe40,-1.6097
Cxadr,1.6096
Ap1s1,1.6094
Gucy2e,-1.6093
2810025M15Rik,-1.6088
Pm20d2,-1.6085
9330020H09Rik,-1.607
Stk26,-1.6065
Pfkfb3,1.6062
Ggta1,1.6061
Ndc1,1.6059
Plat,1.6052
Thsd4,1.6049
Bdnf,1.6044
Adra2a,1.6037
Tusc1,1.6023
Lpin2,1.6012
Hlf,-1.6005
Fgf11,1.6001
Cyp1b1,-1.6001
Snhg11,1.6
Trp53inp2,1.5998
Fam13a,-1.5995
Mcm9,-1.5994
Adamts20,-1.5988
Mgat5b,-1.5983
Magee2,-1.597
Cep152,-1.5965
Zfp991,-1.5963
Btg2,-1.5954
Stmn2,1.5949
Bok,1.5943
Prdm5,-1.593
Aifm3,-1.5919
Myl9,-1.5919
Dock11,-1.5918
Trim36,1.5917
Adgrl3,1.5913
Appl2,-1.5909
Pxdc1,-1.5907
Slc44a5,-1.5901
Gm10406,-1.59
Abhd14b,-1.5892
Dgat2,-1.5884
Tgfa,-1.5878
Dok7,1.5877
Ubtd1,1.5844
Ltk,-1.584
Dapk1,-1.5838
Gm3414,-1.5833
Gstm7,-1.5827
Gm37013,-1.5825
Nefm,1.5825
Mirg,1.5824
Mfge8,-1.5823
Phf7,-1.5818
Oxtr,1.5816
Stpg1,-1.5816
Trir,1.5809
Npnt,-1.5797
Ar,-1.5797
Slc7a11,-1.5788
Itga8,-1.5786
Rtn4rl1,1.5781
Gm5796,-1.578
Sema4a,1.5771
Lmo2,-1.5768
Adamtsl4,1.5765
Ciart,-1.5764
Nefh,1.5753
1190002N15Rik,-1.5749
Magi1,-1.5747
Casp7,-1.5734
Gsg1l,1.573
Olfm4,1.5727
Chst12,-1.5726
Ache,1.5724
Masp1,1.5719
Hfm1,-1.5719
Efhc2,-1.5704
Cygb,-1.5701
Carmil1,-1.5699
Srxn1,1.5687
2810468N07Rik,-1.5685
Mrc2,-1.568
Klhdc8a,-1.5672
Mest,1.5669
Klhl40,1.5651
Samsn1,1.5648
Cthrc1,1.5647
Ltbp3,1.5643
Smarca5-ps,1.5643
Foxq1,-1.5643
1110032F04Rik,1.5637
Dll1,-1.5636
Wwtr1,1.5625
Cd9,1.5618
Igsf9b,1.5617
E2f1,1.5615
Dhx33,-1.5614
1700001L05Rik,-1.5614
Fancf,-1.561
Itih3,1.5573
2210408F21Rik,1.557
Ankrd9,1.5564
Nt5dc3,1.5558
Tipin,-1.5555
Gm3500,-1.5544
Rhov,1.5543
Sel1l3,1.553
Epb41l4b,1.5523
Il15ra,1.552
Kcnk2,-1.5519
Dubr,1.5515
Rab27a,-1.5498
Selenbp1,-1.5489
Gm1604b,-1.5486
Zfp579,1.548
Spock3,1.5472
Npas1,1.5468
Zfp395,-1.5468
Zfp189,-1.5455
9830166K06Rik,-1.5449
Ptgr1,-1.5439
4930429B21Rik,1.5438
Tpt1,1.5434
Gm3604,-1.5432
Alpl,-1.5421
C3ar1,1.542
Psrc1,-1.5418
Tmem254a,1.541
Aven,-1.5408
Rasgrf1,-1.5404
Kif11,1.5398
Nr2f6,1.5395
Kctd7,1.5392
Gm9899,-1.5389
Grem2,1.5389
Rabgap1l,1.5389
Galntl6,1.5387
Nrep,1.5384
Me1,1.538
Fzd7,1.5367
Gm20754,-1.5364
Heg1,-1.5363
Kcnj11,-1.5357
Nkx6-2,1.5353
Zmat3,1.5344
Gng7,-1.5342
Kcnh7,-1.534
Pald1,-1.5336
Lrrtm4,-1.5332
Arid3b,1.5306
Syne3,-1.5303
L3mbtl3,1.5297
Fbln1,-1.5282
Tmem151b,1.5276
Tspan33,-1.5276
Galnt13,-1.5269
Ctdspl,-1.5266
Rpusd3,-1.5265
St8sia5,1.5263
Nt5dc2,-1.5251
Tdrp,1.525
Cntn4,1.5247
Grid1,-1.524
Gjc2,1.5237
Adamts17,-1.5233
Micalcl,-1.5229
Mapk4,1.5227
Prss12,-1.5227
Susd1,-1.5223
Tle3,1.5216
Pgp,1.5208
Slc6a15,-1.5202
Fam210b,1.5197
Ndufab1,1.5195
Tmem258,-1.5185
Ifit1bl1,1.5171
Ky,-1.517
Slc7a4,1.5164
Cntnap5c,1.5155
Mfsd13b,-1.5153
Plxna1,1.5137
Wdr31,-1.5131
Egr4,1.5127
Fbxl15,1.5121
Mapk6,1.5119
Pnpla3,-1.5118
Scn3b,-1.5112
Zdhhc22,1.5111
Sdf2l1,1.5107
Acvr2a,-1.5096
Cep126,1.5095
Lypd1,-1.5093
Adamts10,-1.5092
Lacc1,1.5087
Aif1l,-1.5066
Rassf5,1.5063
Stra6,-1.5061
Pak7,1.5059
Efr3b,1.5057
Cbfa2t3,1.5057
Kcng2,-1.5056
Rapgef5,-1.505
Chgb,1.5046
Nedd9,1.5045
Slc13a5,-1.5043
Cacna1h,-1.5032
Ovgp1,-1.5031
Plce1,1.5027
1110008P14Rik,1.5014
Synj2,1.5011
C1qtnf4,1.501
Ccna2,1.5006
Hmgcs1,1.4998
Phospho1,1.4996
Il1rap,-1.4994
Igflr1,-1.4976
Etv4,-1.4968
Best3,1.4963
Map3k4,-1.4961
Calhm2,-1.4959
Pcdh18,1.4957
Prag1,1.4953
Slc26a8,-1.4946
Cblb,-1.4942
Raver2,1.4941
Ranbp17,-1.4939
Bach1,1.4937
AW011738,-1.4934
Dpp10,1.4924
Slc16a1,1.492
Ppp2r5c,1.4918
Stard4,1.4915
Tbkbp1,-1.4912
Dok3,1.491
Atp2b4,-1.4907
Itga11,-1.49
Kif21b,1.4892
Sparc,1.4886
Eno3,-1.4882
Tub,-1.488
Igsf9b,1.488
1700020I14Rik,1.4869
Ndufv3,-1.4869
Lrrn1,-1.4865
Galns,-1.4861
Tnip2,-1.4857
Bbs12,-1.4855
Slc9a4,1.4853
Ssbp2,-1.4847
Cfap74,-1.4839
Cd68,1.4832
Inpp5a,1.4824
Ccl27a,-1.4807
Tdg,1.4803
Lag3,1.4801
Filip1,-1.4795
Ostf1,1.4788
Pdzrn4,-1.4785
Flrt1,1.4784
Amy1,-1.4784
Sfrp1,1.4783
Spry4,1.4783
Ephb6,1.4774
Apol8,-1.4767
Kalrn,-1.4759
Scrn2,-1.475
Neurod6,1.4748
Smarcd2,-1.4736
Tgfbr2,1.473
Slc17a8,1.4723
Mt2,1.4722
Uchl1,1.472
Aff2,-1.4718
Il6ra,-1.4714
Cacna2d2,1.4706
Zfp947,-1.47
Htr6,1.4693
Cck,1.4693
Prkar1b,1.4691
Ahr,1.4689
Rab11fip1,1.4686
Spry1,-1.4679
Akap13,1.4679
Cpne8,1.4673
Fndc3a,1.4672
Bid,1.4672
Dscaml1,-1.467
Plcb4,1.4669
Cdc42ep2,1.4664
Snrpb,-1.4664
Gfra4,-1.466
Fstl5,1.4659
Zdhhc2,1.4657
2010204K13Rik,-1.4654
Ppp1r35,1.4653
Erich3,-1.4645
Etl4,1.4643
Tubd1,1.4641
Nhsl2,-1.464
Tctn1,-1.4639
Rian,1.4636
Gap43,1.4634
Elavl4,1.4623
Stac2,1.4623
Map3k21,1.4622
Elavl2,1.4614
Phgdh,-1.461
Clvs2,-1.4606
Metap1d,-1.4606
Cd93,1.4606
Cdh22,1.4604
Cmc2,1.4602
Txnip,-1.46
Mtss1,1.4599
Pcdh20,-1.4595
Galnt7,1.459
Crhr1,1.4584
Ptprj,-1.4584
Crispld1,1.4582
Limd2,-1.4581
Col4a1,1.4581
Snhg1,-1.458
Pcdha1,1.4579
Grb14,-1.4579
Dscam,-1.4578
Mtrr,-1.4573
Irf2bpl,1.457
Pafah1b3,1.457
Diaph1,-1.4567
Cyth1,-1.4565
Rps6ka2,-1.456
Ankrd50,1.456
Pars2,-1.4556
Rttn,-1.4553
H2-DMa,-1.455
C4a,1.4546
Fam131a,-1.4544
Lrfn1,1.4542
Slc4a4,-1.4537
St6galnac4,1.4537
Grin3a,-1.4537
Pcif1,-1.4535
Dpysl5,1.4534
Cgref1,1.4533
Xbp1,1.4516
Phlda1,1.4513
Slc2a12,-1.4507
Vstm2b,-1.4506
Slc6a7,1.4505
Fdx1,1.4503
Fnbp1l,1.4502
Adamtsl2,-1.4501
Rlbp1,-1.4494
Rwdd3,-1.4484
Fam126b,1.4483
Spock1,1.4482
Bbs9,-1.448
Npy1r,-1.448
Prdm8,-1.448
Add2,-1.4477
Ppp1r13l,1.4476
Cadm3,1.4476
Exosc2,-1.4471
Prim1,-1.4467
5330434G04Rik,1.4466
Il17rd,-1.4462
Fezf2,1.4457
Gpr146,-1.4452
Podxl2,1.4451
Bves,1.445
Lrrk2,1.4445
Fmn1,1.4445
Fam183b,-1.444
Islr,-1.4432
1600029O15Rik,1.4423
Zc3h8,1.4415
Nefl,1.4409
Creb3l2,1.4409
Pfas,-1.4397
Ccdc12,-1.4393
Arhgap27,-1.4392
Tmem107,-1.4387
Cflar,1.4383
Pecr,-1.438
Fam184a,-1.4378
Alkbh3,-1.4374
Hist1h2be,1.4365
Nkd1,1.4364
Tiam1,-1.4364
Nmbr,1.4353
Thsd7a,-1.4352
Zfp711,1.4351
Zmiz1,1.4339
Snrpn,1.4335
Mmd,1.4332
Spata13,-1.4331
Banp,1.4327
Msmo1,1.4326
Fa2h,1.4326
Gm5069,-1.4325
Grhpr,-1.4324
Stxbp6,-1.4315
Gdpd5,1.4314
Pdk1,1.4312
Hace1,-1.4312
Plekhh3,-1.4311
Fbxw17,-1.4308
Caln1,1.4307
Zfp78,1.4307
Plp1,1.4307
Fancc,-1.4304
Klf4,-1.4292
Tmpo,1.4286
Gpc1,1.4284
Strip2,1.4284
Tmem47,1.4273
Eya4,1.4272
C1ql3,-1.4269
Vstm2l,1.4259
Taf13,1.4258
Ptpdc1,1.4258
6430548M08Rik,1.4254
Zfp414,-1.4252
Sbk1,1.425
3000002C10Rik,-1.4247
4430402I18Rik,-1.4247
Mme,-1.4246
Mocos,1.4246
Zfp783,-1.4245
Map3k5,-1.4233
Ugt8a,1.4232
1500004A13Rik,1.423
Syn3,1.4228
Epha8,1.4228
Grasp,1.4227
Shisa9,-1.4227
Rogdi,-1.4221
Acvrl1,-1.4215
Gmip,1.4213
Glt8d2,-1.421
Orai2,-1.4205
Sfxn3,1.4198
Rps19,-1.4197
Spns2,-1.4196
Arhgdig,1.4194
Lpar1,1.4192
Smyd4,1.4189
Hspb11,-1.4178
Itpkc,1.4178
Tbc1d8,1.4176
Ndufa7,-1.4176
Fam205a2,-1.4173
Rcn1,-1.4171
Ormdl2,1.4168
Cdkl2,1.4161
Smim3,-1.4156
Zfp36l1,1.4153
Tubb3,1.4153
Pde1b,-1.4151
Skap2,1.4151
Ndfip2,1.4142
Manf,1.4135
Rgs17,1.4131
Kcnk10,-1.4131
Rpl35a,-1.4131
Dkk3,1.4129
Zdhhc15,-1.4127
Cyp4f15,-1.4126
4732491K20Rik,-1.412
Hspa5,1.412
Dbndd1,1.4118
Ippk,-1.4117
Lfng,-1.4114
4930447M23Rik,-1.4109
Arhgap29,1.4108
Tpx2,1.4104
Iqgap2,-1.4104
Rasal2,-1.4102
Pqlc1,-1.4098
Klhl32,-1.4097
Eln,-1.4097
Tmem229a,1.4094
Idh1,1.409
Slc39a8,1.4085
Rpl37a,-1.4083
Ppp2r2b,1.408
Card10,-1.4078
Rps29,-1.4078
Chga,1.4074
Rimbp2,1.4073
Kcnb2,-1.4071
Arhgef28,-1.407
Camk2d,1.4067
Slc26a2,-1.4064
Shisa7,-1.406
Traip,-1.4059
Ccdc85b,1.4056
Tiam2,-1.4054
Kcnc2,1.4048
Sema4f,-1.4047
Iglon5,1.4044
Dact3,1.4041
Tnfaip8l3,1.4039
Chn2,1.4039
Lrrtm3,1.4037
Peak1,1.4037
Atad5,-1.4022
Iqgap1,1.402
Kctd4,-1.4014
Mrps24,1.4012
Kcnh2,1.4009
Crlf2,1.4007
Unc5c,1.4006
Sorcs2,-1.4004
Kcnj12,1.4003
4933439C10Rik,-1.4001
Mapk3,-1.3999
Slc35f3,1.3995
Tspan2,1.3994
Osbpl3,-1.3989
AU022754,-1.3988
Nr4a3,1.3986
Arhgap15,-1.3977
Selenom,-1.3976
Brca2,-1.3975
2700081O15Rik,1.3974
Thrsp,-1.3974
Klf2,-1.3971
Pigx,1.3962
1700030J22Rik,1.3961
Clmn,-1.3961
Cops9,1.3961
Slc32a1,1.3959
St6gal2,-1.3956
Ifit3b,1.3953
Cxcl12,-1.3951
Cplx1,1.395
Sulf2,1.3949
Palld,1.3947
Zbtb10,1.3946
9530077C05Rik,1.3944
Pcdh19,-1.394
Glis3,-1.3937
Sqle,1.3929
Slitrk5,-1.3929
Elk3,1.3928
Gda,-1.3926
Hap1,-1.3922
Sidt1,-1.3922
Dtd1,-1.392
Osbpl10,-1.3919
Cep112,-1.3915
Rab10os,-1.3915
Ncan,1.3907
Rgs2,1.3903
Slc16a10,-1.3902
H2afx,1.3894
Tmod1,1.3894
Galt,-1.3893
Fam13c,1.3891
Snhg20,-1.3891
Fkbp1a,1.3889
Reck,-1.3888
Tubgcp2,-1.3882
Mpp6,1.388
Kndc1,1.3878
Vangl2,-1.3876
Pcgf1,-1.3876
Rnaset2a,-1.3873
Zfp36l2,1.3873
Polr3gl,-1.387
Ccdc14,-1.3868
Prr18,1.3863
Pdia4,1.3862
Zfp687,-1.386
D3Ertd751e,1.386
Sh3glb1,1.3859
Pradc1,-1.3859
Tpgs1,1.3856
Rhou,-1.3853
Gria1,-1.3853
Pakap,-1.3849
Marveld1,-1.3844
Dynlt1b,1.3825
Ephb3,1.3823
Zdhhc23,1.3819
Khdrbs2,-1.3816
Slit1,-1.3815
Cc2d2a,-1.3814
Fgd3,1.3809
Sema5a,-1.3805
Neat1,-1.3801
Lrrtm2,1.38
Ick,1.3797
2010300C02Rik,-1.3795
Snrnp35,-1.3794
Atp10d,-1.3792
Uhrf1bp1l,1.3784
Gucy1a1,-1.3784
Cib2,1.3783
Dusp6,1.3782
Zfp385b,1.3779
Vav2,1.3777
Plekhg3,-1.3776
Idnk,1.3775
Pfkp,1.3775
Tmeff2,1.3775
Itga6,1.3774
Pkd1,-1.3774
Il1rapl1,-1.3774
Cdkl4,-1.3771
Rnf135,1.377
Syde2,-1.377
Fam60a,1.3767
Kcnn3,-1.3766
Lynx1,1.3762
Lpgat1,1.3758
Stard10,-1.3754
Tmem177,1.3752
Ccdc85a,-1.3751
Sema6b,1.3748
Kcna4,-1.3747
Mageh1,-1.3746
Tmem88b,1.3746
Metrnl,1.3745
Tgfbr1,-1.3739
Zfp97,-1.3738
Elmo2,-1.3736
Ptk2b,-1.3735
4831440E17Rik,-1.3735
Rpl37,-1.3728
Nr3c2,-1.3727
Sipa1l2,-1.3726
Pskh1,-1.3725
Ttl,1.3723
Moxd1,-1.3721
Cnih3,-1.3719
C530008M17Rik,1.3717
Pan2,-1.3717
Map10,-1.3716
Tns2,-1.3715
Gabpb2,-1.3715
Slc27a2,-1.3714
Farp2,1.3712
Creld2,1.3711
Ptprn,1.3709
Vav3,-1.3701
Maf,1.37
Grik4,1.3698
Cap2,-1.3698
Stradb,1.3694
Fam19a2,-1.3689
Gm14204,1.3688
Mcm8,-1.3687
Kansl1l,-1.3686
Homer3,1.3686
Rgs9,-1.3684
Kcns3,1.3681
Wdsub1,-1.3678
Nrxn3,1.3677
Eepd1,-1.3675
C2cd4c,1.3675
Arrdc3,1.3674
Gm10409,-1.3673
Lats2,1.3669
Ap3s1,1.3667
Elovl4,1.3662
Mad1l1,-1.3661
Rfx1,-1.3661
Cyp51,1.3659
Mex3b,1.3655
Plk2,1.3653
Cav2,1.3648
Ccbe1,-1.3647
Fzd4,-1.3643
Ncam2,1.3642
Pcsk5,1.3638
Mkln1os,-1.3636
Axin2,-1.3632
Pknox2,-1.3631
Dtx4,1.363
Prelid3a,-1.3629
Cryl1,-1.3627
Mblac2,1.3627
Med7,1.3626
Numbl,1.3622
Ptk7,-1.3621
Ankrd29,1.362
Rnf19a,-1.362
Gramd1c,1.3619
Junb,1.3617
Plekhn1,-1.3611
Cited2,1.3609
Fut11,1.3608
Sowaha,-1.3607
Mapk8ip1,1.3602
Grip2,1.3601
Ripk2,-1.36
8430429K09Rik,-1.36
Naa40,-1.3596
Cdh4,-1.3596
Zfp960,-1.3596
Efnb3,-1.3596
Ccdc57,-1.3595
Scn3a,-1.3595
Ermard,-1.3593
Pip5k1c,1.3591
Orai1,1.359
Olig2,1.3589
Fbxo10,-1.3588
Foxo1,-1.3583
Marcksl1,-1.358
Hdac1,-1.358
Bag2,1.3573
Tbc1d31,1.3571
Ppp1r13b,-1.357
Ina,1.3567
Cacng2,1.3561
Zfp444,1.3558
Csf2ra,-1.3557
Ofd1,-1.3556
Use1,-1.3556
Lrrc3,1.3555
Cep128,-1.3552
Rhobtb1,1.3549
Snap91,1.3545
Camk2a,-1.3534
Col4a2,1.3527
Tead1,1.3526
Mkl2,-1.3526
Exph5,1.352
Idi1,1.3517
Elmod3,-1.3515
Cat,1.3514
Exosc8,-1.3509
Lin7a,1.3508
Gm2061,-1.3507
Vsnl1,1.3507
Ddah2,1.3505
Cln6,-1.3503
Rida,1.3501
Slc16a2,-1.35
Hmga1b,-1.35
Synm,-1.3499
Mn1,-1.3498
Rtn4rl2,1.3497
S100pbp,-1.3491
Ppp1r16b,-1.3488
Hemk1,-1.3487
Reln,1.3487
Ide,1.3487
Cttnbp2nl,1.3486
F8a,1.3484
Ttc39b,1.3484
Fra10ac1,-1.3481
Zkscan2,-1.3479
Fam135b,1.3478
Hsd17b7,1.3476
Prkab1,-1.3476
Lmna,1.3471
Telo2,-1.3468
Lurap1,-1.3468
Snrnp70,-1.3467
Cdh8,-1.3466
Sox8,-1.3464
Nfil3,1.3463
Adra1a,1.3459
Gamt,1.3459
Bloc1s1,-1.3458
Arfip1,1.3452
Eci1,-1.3451
Fance,-1.3447
Camkk2,-1.3446
Rreb1,-1.3445
Ulk4,-1.3442
Tamm41,-1.344
Lrrc10b,1.3439
Pcdhga2,-1.3439
Ttll7,1.3439
Taf12,1.3438
Ap2a2,1.3435
Cxcr4,1.3435
Racgap1,1.3432
Fgfbp3,-1.343
Ttc9b,1.3429
Slc7a14,1.3427
Sox2,1.3425
Mycn,1.3423
Ptpn2,1.3423
A830018L16Rik,-1.3422
Cpeb2,1.342
D130043K22Rik,1.3416
Flnb,-1.3414
Nhlrc3,-1.3413
Ptchd1,1.3403
Rbm3,-1.3396
Sdr42e1,-1.3391
Fbxl19,1.3391
Ntrk3,-1.339
Mccc2,-1.3387
Cdc25b,-1.3386
Retreg1,1.3385
Kif26b,-1.3382
Cry2,-1.3381
Grb2,1.3379
Enox1,1.3378
Nmral1,-1.3378
Plvap,-1.3377
Htr5a,1.3376
E2f3,1.3375
Cox5a,1.3373
Csdc2,1.3372
Chadl,1.3372
Nr4a2,1.3369
Chd7,-1.3368
Chml,1.3368
Tlr7,1.3366
Klf13,-1.3366
Rps17,-1.3365
Trpc5,-1.3363
Tmsb4x,-1.3362
Ak4,1.3361
Lpp,-1.3361
Rpe,1.336
Gas5,-1.3359
Klf6,1.3357
Fdft1,1.3356
Rpsa,-1.3356
Uba6,1.3355
Cacybp,1.335
Itgb8,1.3348
Pitpnm2,-1.3345
Adgra3,1.3344
Syk,1.3344
Map1lc3a,1.3344
Tpst1,1.3342
Palmd,-1.3342
Dnajc28,1.3341
Ankrd39,-1.3339
Bcat1,1.3335
Gabra2,1.3334
Rin2,1.3333
Mettl8,-1.3333
Gm13889,-1.3328
Cdc27,1.3325
Slc12a7,-1.3322
Wdr44,1.332
Slitrk2,-1.3319
Ppp1r3c,1.3318
Dcakd,-1.3316
Entpd7,1.3316
Ypel2,1.3316
Ahi1,-1.3314
Pdgfra,-1.3312
Ccng2,1.3309
Nfxl1,-1.3306
Crtac1,1.3306
Gm2115,1.3304
Zfp772,-1.3302
3632451O06Rik,1.33
D430041D05Rik,-1.3299
Mfsd4a,-1.3298
Arhgef26,1.3296
Rhoq,1.3289
Mrps10,-1.3288
Jrk,-1.3285
Ackr1,1.3284
Dennd6b,-1.3282
Slc35f4,1.3281
Dcp1b,-1.3281
Mdm1,1.3274
Kcnj10,1.3273
Mtmr4,1.327
Hmgb3,1.327
Grip1,1.3268
Osbpl5,1.3266
Spice1,-1.3262
Acaa2,-1.3261
Cfl2,1.3254
Runx2,-1.3254
Fam114a2,-1.3249
Mrpl34,1.3248
Bcas1,1.3247
Vtn,-1.3246
Sdc4,1.3245
Fkbp1b,1.3243
Usp2,-1.3242
Hdac4,1.3234
Polr1b,1.3234
Ercc8,-1.3231
Arhgap42,1.3231
Tmem109,-1.3227
Zc3h6,-1.3224
Gria4,1.3224
Parvg,-1.3222
Dpysl2,1.3217
Rap2a,-1.3217
Sertm1,-1.3216
Cmip,1.3216
Gls,1.3215
Kcnip1,1.3214
Ppara,-1.3214
Rnh1,1.3214
Tmem74,-1.3208
Tgfb2,-1.3208
Gm12191,-1.3207
Mvb12a,1.3205
Homer1,1.3203
Cntn2,1.3203
Bex1,-1.3202
Zdhhc14,1.3197
Scd1,1.3196
Tmem81,-1.3196
9030025P20Rik,-1.3195
Lamp5,-1.3193
Sntb2,1.3192
Jpx,-1.3192
Olfm1,-1.3185
Schip1,1.3185
5430405H02Rik,-1.3181
Clcn5,1.3178
Chordc1,1.317
Lrp8,1.3168
Kcnq3,-1.3167
Zbtb7a,1.3164
Ftx,-1.3163
Mal,1.316
Kcnd2,-1.3153
Nlk,1.3152
Lmo3,-1.3147
Tmem41a,1.3147
Exosc6,1.3146
Papd5,1.3145
Unc13b,1.3144
Dock10,-1.3144
Rps27a,-1.3144
Cd200,1.3143
Cdon,-1.3142
Foxo6,1.314
Alg1,-1.3139
Wdhd1,-1.3137
B3gat1,-1.3135
Spryd4,-1.3134
Actn2,-1.3131
Pcgf3,1.313
Fau,-1.3129
Cavin3,1.3128
Lrrc1,-1.3127
Kri1,-1.3122
Ccdc94,-1.3121
Nfya,1.312
Sat2,-1.3118
Tnrc6c,-1.3115
Slx1b,-1.3115
Irf9,1.3114
Rbm33,-1.3109
Cxxc5,1.3109
Olfml2b,-1.3107
Per1,-1.3107
Tbr1,-1.3105
Cntln,-1.3105
Sdr39u1,-1.31
Prrx1,1.3099
Stk3,1.3099
Ormdl1,1.3098
Tmed1,-1.3096
Lonrf3,-1.3096
Fbxo2,1.3096
Atg12,1.3094
Hspa2,-1.3092
Golm1,-1.3091
Firre,-1.3091
Aldh2,-1.309
Slc25a18,-1.3088
Spred1,1.3087
Pid1,1.3084
Btbd9,-1.3084
Scn1b,1.3083
Nbeal1,1.308
0610037L13Rik,-1.308
Ifitm10,1.308
Tmem100,1.3079
Tra2a,1.3077
Fyco1,-1.3075
Haus5,-1.3073
Baalc,1.3073
Ppm1h,1.3069
4933409K07Rik,-1.3069
Rps25,-1.3068
Zfp951,-1.3067
Zfp692,-1.3063
Scrt1,1.3061
Carnmt1,1.3061
Rpl39,-1.3059
Tbc1d16,-1.3059
Tspan17,1.3056
Tubb2b,1.3051
Syt16,-1.305
Phlda3,1.305
H6pd,-1.3049
Eps15,1.3048
Uaca,-1.3047
Vps13c,-1.3045
Gm20300,1.3045
Islr2,1.3045
Fam206a,-1.3044
Ckap4,1.3042
Srsf5,-1.3042
Tmem144,-1.3041
Stxbp2,-1.304
Kctd1,1.3039
Itpka,-1.3035
Tmem198,1.3033
Pigp,-1.303
Slc35f2,-1.303
Galnt16,-1.3029
Spata2,-1.3026
Atp6ap2,1.3026
Tmem164,1.3025
Lama5,-1.3023
Rplp1,-1.3023
Rbm22,-1.3021
Smim17,1.3021
Ncoa7,1.302
Tbc1d4,1.3018
Hectd2,-1.3017
Ahsa2,1.3015
Arsb,-1.3015
Adgrb1,1.3015
Sh3rf1,1.3011
Particl,1.3011
Mex3d,1.301
Tab1,-1.3007
Celf3,-1.3006
Chchd2,1.3003
Rph3a,-1.3001
Asph,1.3001
Snx10,1.3001
Syn1,1.2998
Afap1l2,-1.2996
Fstl4,1.2993
Lrrn3,-1.2993
Cetn2,1.2992
Adcy5,1.2992
Ypel5,1.2989
Fam161b,1.2989
Zfp3,-1.2988
Lmo4,1.2988
Phactr1,-1.2987
Dbpht2,-1.2987
Tvp23a,1.2986
Col25a1,-1.298
Adarb2,-1.2973
Camk2b,-1.2972
Slco5a1,1.2971
Tpm1,1.2971
Sphkap,-1.297
Zfp536,-1.2969
Ptp4a1,1.2969
Cwc22,-1.2964
Wdr73,-1.2962
Ddr1,1.2962
Akr1b3,-1.2961
Celsr1,-1.2961
Jdp2,-1.2958
Gstm1,-1.2958
4921524J17Rik,1.2956
Rap1b,1.2955
Chd3,-1.2955
4932416H05Rik,-1.2955
Dazl,-1.2954
Mgat5,1.2954
Elmo1,1.2954
Syndig1,1.2953
Cers1,1.2952
Tram1l1,-1.2952
Kif5a,1.2951
Apcdd1,-1.2949
Fbxo16,-1.2949
Gla,1.2949
Myadm,1.2948
Apc,1.2948
Gpr37,-1.2943
Atp5k,-1.2941
Ints6l,-1.2939
Me3,-1.2938
Id2,1.2935
Ift122,-1.2929
Btbd3,-1.2928
Pgls,1.2928
Stk10,-1.2926
Vezf1,1.2926
Rps6ka4,-1.2922
Srgap2,1.2919
Galnt9,1.2919
Wdr90,-1.2918
Ptprg,1.2918
Efhd1,-1.2915
Nuak1,1.2915
Kctd6,1.2915
Syn2,1.2914
Kxd1,-1.2914
Tle4,1.2914
Msh3,-1.2912
B4galt4,-1.2909
Slc25a46,1.2908
Psd3,1.2908
Meg3,1.2906
Gltp,1.2906
Sema3g,-1.2905
Brdt,1.2904
Nrip3,1.2901
Kif5c,1.2898
Chaf1a,-1.2897
Kat6b,-1.2897
Kifc2,-1.2894
Elovl6,1.2893
Spata7,-1.2892
Sf3a2,-1.2891
Snhg4,-1.289
Fsd1l,1.2887
Zdhhc4,-1.2886
Cln3,-1.2884
Zbtb34,-1.2883
D030056L22Rik,1.288
Lrrc24,1.2879
Tmem50b,1.2877
Faim2,-1.2874
Lyplal1,1.2874
Mtfr1,1.2873
Sh3gl2,1.2873
P4ha1,1.2871
Gm1976,-1.2869
Lrrc8a,1.2868
Tmem39b,-1.2868
Nemp1,-1.2867
Rps21,-1.2867
Dcaf15,-1.2866
Sri,-1.2865
Ankrd35,1.2864
Sccpdh,1.2863
Dusp15,1.2863
Tmem151a,1.2861
Tuba1a,1.2858
Foxg1,1.2856
Mafb,1.2854
Nmt1,-1.2852
Spats2l,1.2851
Hunk,1.2849
Rps15a-ps4,-1.2849
Fam98a,1.2847
Lrpap1,1.2846
2210408I21Rik,1.2846
Chst2,1.2846
Sc5d,1.2845
Map3k20,-1.284
Senp8,1.284
Lyst,-1.2836
Rdh14,1.2836
Zfp367,1.2832
Nrde2,-1.283
Pno1,1.2829
Prkcg,1.2829
Acot2,1.2828
Gas1,1.2823
Arpp19,1.2821
Atxn7l2,-1.2819
Rpl27,-1.2817
Lage3,-1.2816
Paqr9,1.2816
Wipf3,-1.2815
Sdhaf3,1.2807
Asxl3,-1.2806
Pgap1,1.2806
Pgr,1.2805
Actl6b,-1.2802
Endod1,1.2795
Hnrnpa3,-1.2794
Limk1,1.279
Aacs,1.2785
Rpl18a,-1.2784
Htr4,1.2781
Dclre1a,-1.2781
Ttll3,-1.278
Map3k9,1.2777
Smim13,1.2776
Mfsd10,-1.2776
Rimbp3,-1.2775
Rab15,1.2775
Dab1,-1.2775
Slc6a8,1.277
Sorbs3,-1.2769
Stx1a,1.2768
Dnajc17,-1.2767
Cpm,1.2765
Zfp956,-1.2765
Usp46,1.2765
Alkbh4,-1.2764
Ywhag,1.2764
Rnf182,1.2763
Leng8,-1.2763
Gba2,-1.2763
Setd6,-1.276
Reep3,1.2759
Rala,1.2758
Ogfrl1,1.2757
Eml6,-1.2755
Tmod3,1.2752
Ppif,-1.2751
Cecr2,-1.2749
Vps37d,1.2749
Rab6a,1.2745
Uhmk1,1.2743
Casp3,1.2742
Dgkg,1.274
Plppr4,-1.2738
Eftud2,-1.2738
4930452B06Rik,-1.2737
Hs6st3,1.2737
Gm5141,-1.2736
Rpp25l,-1.2735
Gtf2h2,-1.2734
Camsap3,1.2733
Cnrip1,1.2733
Asphd2,-1.2733
Rab3ip,1.273
Sgk1,1.2728
B4galt2,1.2726
Cdk5r2,1.2726
Rps23,-1.2726
Slc25a30,1.2725
Kbtbd11,-1.2725
Ccnd2,1.2724
Cemip,-1.2724
Tmem240,1.2724
Setd7,1.2724
Olfm3,1.2723
Frmd6,1.2723
Fut10,-1.2721
Vcpkmt,1.2721
Ccdc166,-1.2721
Gnaz,1.272
Sfswap,-1.272
Rab36,-1.2719
Fam43a,1.2719
Dock8,1.2719
2410004B18Rik,1.2717
Pcdhac1,-1.2716
Anks1,1.2715
Acsl5,1.2713
Pcdhgb2,1.2713
Stau2,1.2713
Igsf3,-1.2711
Vwa5a,1.271
Cacna1d,-1.271
Elmsan1,-1.2707
Slc45a4,1.2706
Rap1gap2,-1.2705
Vps25,-1.2704
Slc19a2,1.2703
Pgam1,1.2701
Arhgef10l,-1.2701
Dnaja4,1.27
Stxbp5l,1.27
Ly6a,-1.27
Arhgef25,-1.27
Trim59,1.2698
Fam107b,-1.2698
Ech1,-1.2693
Tarbp2,-1.2692
Abhd3,1.2692
Mllt11,1.2691
Tmem123,1.2691
Sod3,1.269
Aff1,-1.269
Ralbp1,1.2689
P3h3,-1.2687
Zc2hc1a,1.2686
Dnah9,-1.2684
Palm2,-1.2682
Pcdhb16,-1.2682
Dcun1d5,1.2682
Lzts2,1.2682
Irf2bp2,1.2682
Ppan,-1.268
Ap2b1,1.2677
Gm6793,-1.2676
Zkscan16,-1.2676
1700047I17Rik2,1.2676
Fam177a,1.2676
Ccdc28b,-1.2675
Scg2,1.2673
C530005A16Rik,-1.2672
Sil1,-1.2669
Epdr1,1.2669
Nt5c3b,-1.2666
Dph7,-1.2664
Arpc2,-1.2663
2310033P09Rik,1.2661
Nedd4l,-1.266
Xndc1,-1.2658
0610010K14Rik,-1.2657
Eny2,-1.2655
Elmod1,-1.2652
D1Ertd622e,1.265
Als2cl,-1.2648
Ptbp3,-1.2648
Zfp697,1.2648
Zdhhc8,-1.2647
Zfp937,-1.2643
Tmem263,1.264
Atp2b3,-1.2639
Zgrf1,-1.2638
Kcnd1,1.2637
Rpl38,-1.2637
Cyb5r4,1.2634
Rab11a,1.2634
Kremen1,1.2633
Triobp,1.2632
Pym1,-1.2632
Dtx1,1.2631
Usp45,1.263
Edil3,1.263
Ccdc71l,1.2629
Plrg1,-1.2629
Akap7,-1.2628
Mindy3,-1.2627
Ndnf,1.2627
Kcnip2,-1.2627
Zfp46,-1.2625
Tmem204,-1.2624
Lrp4,-1.2624
Rapgef4,1.2623
Igsf11,-1.2622
Lipa,1.2622
A930017M01Rik,-1.2616
Hspbap1,1.2616
Ttc19,1.2616
Dnaja1,1.2615
Cpeb3,1.2615
Trmt112,-1.2615
Jade3,1.2615
Tnfrsf19,-1.2614
Dyrk2,1.2613
Rsph9,-1.261
Edem1,1.2609
Dnajc4,-1.2608
Soga3,1.2608
Cmpk1,1.2608
Mir22hg,1.2607
Cdh9,1.2604
Naa50,1.2604
Zfp975,-1.2603
Ube2j2,1.2603
Srebf2,1.2601
Itfg2,-1.26
Gucy1b1,-1.2599
Gpc4,-1.2598
Ptpn4,1.2597
Fars2,-1.2595
Iqsec2,-1.2595
Ip6k2,-1.2595
Nr3c1,-1.2594
Rnf31,-1.2593
Kdelr2,1.2593
Lin9,1.2592
Csad,-1.2591
Npm3,-1.2589
Nudt16,-1.2588
Tmtc3,1.2587
St6galnac5,-1.2586
Osbpl7,-1.2584
Ak6,1.2584
Napb,1.2584
Gfra1,-1.2583
Slc30a3,-1.2583
Ralgps2,1.2576
Fgf9,1.2572
Sox21,1.2572
Rps27rt,-1.2571
Sclt1,1.257
Negr1,-1.257
Chrac1,-1.2568
Hnrnpa1,1.2567
Nabp1,1.2565
Rpl7,-1.2563
Dr1,1.2562
Fndc5,-1.2561
Sh3bp1,-1.2557
Sptb,-1.2556
Tbc1d9,1.2556
Vipr1,-1.2556
2610524H06Rik,-1.2555
Hyls1,1.2554
Lrrc61,-1.2552
Zfp433,-1.2552
Xab2,-1.2552
Cd47,1.2551
Frmd8,1.255
Tst,-1.255
Fat3,-1.255
Trub1,-1.2548
Tlnrd1,1.2547
Bex2,-1.2547
Nfkbia,-1.2546
Tpd52l1,-1.2545
Pcp4,-1.2545
Trove2,1.2544
Trpm4,-1.2543
Tmem178b,1.254
Brinp1,1.254
Naf1,1.2537
Dlgap3,1.2536
Tpd52,1.2535
Man1a2,1.2534
Zfp202,-1.253
Ercc6l2,-1.2526
Rhot2,-1.2526
Rps16,-1.2525
Hint3,1.2524
Cacng3,-1.2523
Tubb4b,1.2522
Abcb1b,-1.2521
Mrps22,1.252
Ss18,1.2519
Ubl5,-1.2518
Tspan12,1.2517
Tmem229b,1.2516
Zbtb1,-1.2516
Gm12338,-1.2513
Frat2,1.2512
Cep295,-1.2512
Azin1,1.2511
Myrf,1.251
Stat5b,1.2508
Kctd9,1.2508
Phka2,1.2506
Agpat5,1.2504
Trmt1l,1.2503
Zfp37,-1.2502
Nectin1,1.25
Nup88,-1.2496
Rfx3,-1.2495
Oaf,-1.2495
Asap1,1.2494
Rab34,-1.2493
Slc36a1,1.2493
Slc35e3,1.2493
Ppp2r3d,-1.2491
Nln,1.249
Ltbp4,-1.249
Lrrc4b,1.2489
Rnasel,1.2488
Fam89b,1.2488
Hecw2,1.2486
Parp2,-1.2485
Slc25a32,1.2482
Mindy4,-1.2482
Lsm7,-1.2479
Kcnk1,1.2478
Mtg1,-1.2475
Aaas,-1.2474
Mcrs1,-1.2474
Dner,1.2474
Hist1h2bc,1.2473
Cdh2,1.2472
Fgf12,1.2469
Map6,1.2468
Mphosph8,1.2461
N4bp2,1.246
Fgfr1,1.2459
Tmtc1,-1.2458
Spag7,-1.2458
Usp32,1.2454
Snrpg,-1.2454
Coprs,1.2454
Erf,-1.2454
Cdh11,1.2452
Pdp1,-1.2447
Clta,1.2443
Rps10,-1.2443
Slc24a3,1.2443
Pgbd5,-1.2442
Eef1akmt2,-1.244
Snx16,1.2439
Arglu1,1.2437
S1pr5,1.2435
Tnr,-1.2435
Ngef,-1.2434
Hspa4l,1.2433
Cntn1,1.2432
Klhl24,1.2432
Tmem169,1.2432
Ctnnbl1,-1.2431
Rwdd4a,1.2431
Reps2,1.2431
Fus,-1.2431
Sh3bgrl2,-1.2431
Hirip3,-1.2431
Slit3,-1.243
Slc27a1,-1.2427
Btg1,1.2427
Apba3,1.2427
Cachd1,1.2427
Ankrd13b,1.2426
Ccdc141,1.2422
Myo18a,1.2421
Kptn,-1.2421
Gm13363,1.242
Ing1,1.2419
Narf,1.2419
Tbrg4,-1.2417
Rpl10a,-1.2415
Banf1,-1.2414
Tango6,-1.2413
Ppp4r4,1.2413
Hmgcll1,1.2413
Mcl1,1.2413
Zfp839,-1.2412
Mtpn,1.241
Rcbtb2,-1.2409
Rpl3,-1.2408
Thap2,1.2405
0610009O20Rik,-1.2405
Oxr1,1.2403
Sh3gl1,-1.2402
Idua,-1.2402
Mettl23,-1.2399
Thyn1,-1.2398
Napg,1.2396
Plxna4,-1.2395
Ubash3b,1.239
Fnip1,1.239
Arl1,1.239
Rexo2,1.2389
Robo1,1.2389
Mctp1,-1.2388
2900097C17Rik,1.2387
Usf3,-1.2387
Otulin,-1.2386
U2af1l4,-1.2386
Nme3,-1.2385
Rock2,1.2385
Fndc3b,1.2385
Rell2,1.2381
Ighmbp2,-1.2379
Kcnt2,-1.2377
Grin2a,-1.2377
Pcnx2,1.2376
Zfand2b,-1.2376
Cd2ap,-1.2375
Dnajc21,1.2371
Actb,-1.2371
Gtf3c2,-1.237
Oxnad1,1.2369
Sntg1,-1.2369
Adsl,-1.2368
Adam23,1.2366
Cbarp,1.2366
Ppp1r3e,-1.2365
Bcan,-1.2364
Dnajc2,1.2364
A830010M20Rik,1.2364
E130307A14Rik,-1.2363
Mettl22,-1.2363
Dand5,-1.2362
Cnnm4,-1.2362
Urb1,-1.2359
Rpl9,-1.2359
Syne1,-1.2359
Slc6a6,-1.2359
Kcnc4,1.2359
Tor1a,-1.2356
Zbtb44,1.2356
Lmtk2,1.2356
Prps2,-1.2355
Sap18b,1.2355
Ttbk2,1.2353
Gm14295,1.2352
Mmp17,-1.2351
Kmt2a,-1.2349
4933431E20Rik,-1.2349
Srrm2,-1.2348
Mettl13,-1.2348
Cystm1,-1.2347
Rnf11,1.2346
1700086L19Rik,-1.2346
Rpl31,-1.2345
Lhfpl3,1.2344
Phospho2,1.2344
Kdm7a,1.2343
Cabp7,1.2341
Hebp1,-1.234
Dicer1,-1.2339
Srgap1,1.2338
Rpl28,-1.2336
Stk39,1.2333
Yeats4,1.2332
Pnma3,-1.2331
Aldh18a1,1.2328
Pcyt1b,1.2325
Ifngr2,1.2324
Pdcd6,1.2322
Kcnj4,-1.232
Amigo1,-1.2319
Pcdhga8,-1.2319
Fam241b,1.2318
Lsm1,1.2317
Snx3,1.2313
Cdc40,-1.2312
Tbc1d10a,1.2312
Zfp512b,-1.2312
Tagln3,1.2312
Ier3ip1,1.2312
Ube2e3,1.2311
Ppargc1a,1.231
Micu3,1.2309
Mtx1,-1.2302
Nsg1,1.23
Fem1b,1.23
Dkc1,-1.2299
Arhgef17,1.2297
Dck,1.2296
Sat1,1.2295
Mfap3,-1.2294
Psd,-1.2293
Grm7,1.2292
Tek,-1.2291
Lrch4,-1.2291
Elfn2,-1.2291
Cacna1e,-1.2291
Irgq,1.2289
Agfg1,1.2288
Nhsl1,-1.2287
Grk3,1.2287
Cbs,-1.2286
Arhgap23,1.2286
Chpt1,1.2286
Ints7,1.2285
Plxna2,1.2285
Dynlt1a,1.2285
Rpl13,1.2284
Igsf8,-1.2281
Zfp30,1.228
Exosc1,-1.228
Laptm4b,-1.2279
Ptcd1,-1.2275
Ercc4,-1.2275
Ago4,-1.2274
Scoc,1.2273
Ugdh,1.2272
Atp1a1,-1.2271
Nsmce4a,-1.2271
Cbx1,1.2271
Hnrnpdl,-1.227
Uck2,1.2269
Tcp11l1,1.2268
Rpl36a,-1.2267
Rcan2,1.2266
Rpl41,-1.2266
Trmt1,-1.2265
Arhgap33,1.2264
Ntsr2,1.2264
Zbtb40,1.2262
Nav3,1.2262
Zbtb18,-1.2261
Sorl1,-1.2261
Ndfip1,1.226
Rab9b,1.226
Syt7,-1.2259
Nphp1,-1.2258
Prkacb,1.2257
Jmy,1.2253
Gde1,1.2253
Tmem8,-1.2251
Rps5,-1.2251
Fam199x,1.2251
Mical3,1.225
Zscan25,-1.2248
Eif2s1,1.2248
Fam214b,1.2248
Rps15,-1.2246
Traf7,-1.2246
Mt3,-1.2245
B3gntl1,-1.2244
Eme2,1.2242
Dcps,-1.2241
Zfp827,-1.2241
Tm7sf3,-1.2241
Rpl4,-1.224
1700025G04Rik,-1.224
Cd276,-1.2239
Nelfe,-1.2238
Syt17,-1.2237
Fbxo27,-1.2236
Bsn,1.2235
Tmem135,1.2235
Rrnad1,-1.2235
Cnnm2,1.2235
Supt6,-1.2234
Acsl4,1.2234
Atp1b3,1.2234
Ensa,1.2233
Dcun1d3,1.2232
Pcnt,-1.2232
Rab21,1.2231
H1f0,-1.2231
Tubb4a,1.2227
Gnpda2,1.2226
Cgrrf1,1.2225
Gm14403,1.2222
Ttyh2,1.2222
Dis3l2,-1.222
Xrn1,-1.2219
Cttnbp2,-1.2219
Slc35c1,-1.2219
Eif5a2,1.2216
Gabrb2,1.2216
Elovl7,1.2213
Raph1,1.2211
Rnf113a2,-1.221
Gcfc2,-1.2209
Ercc5,-1.2209
Nsmce3,-1.2208
Ralgds,1.2207
Tmed5,1.2205
Zfp341,1.2205
Tmem268,1.2203
Ptprt,1.2202
Kcnab2,-1.2202
Bloc1s2,1.2201
Eno2,1.22
Ccdc117,1.2198
Cacul1,1.2197
Mkl1,-1.2195
Borcs6,1.2195
Ankrd13a,-1.2194
Sox10,1.2193
A430105I19Rik,-1.2193
Degs1,1.2187
Purg,1.2187
Taf15,1.2187
Zfp446,-1.2185
Rps4x,-1.2184
Pianp,-1.2184
Tmem198b,-1.2183
Erlin1,1.2183
Ino80b,1.2183
Slc12a2,1.2181
Guf1,-1.218
Ube2g2,1.2179
Prmt2,1.2179
Ppp3r1,1.2179
Rbbp5,-1.2178
Dynlt3,1.2178
9930104L06Rik,-1.2177
Prkd1,-1.2176
Nrxn2,1.2173
Dock4,1.2172
Lrfn5,-1.2172
Ralb,1.2172
Ppp1r9a,-1.2172
Tet1,1.2172
Kras,1.2171
Rpa2,-1.217
Zfhx2,-1.217
1700066M21Rik,1.217
Magi2,1.217
Pml,-1.2169
Rassf2,-1.2168
Rps3a1,-1.2167
Rapgefl1,-1.2167
Tbc1d24,1.2167
Ccnt2,1.2166
Bckdk,-1.2166
Ulk3,-1.2164
0610012G03Rik,1.2163
Krt222,1.2163
Cmas,1.2161
Nfasc,1.216
Wdr83os,-1.216
Cep250,-1.2158
Ryr2,-1.2157
Zfp61,-1.2157
Surf1,-1.2157
Rspry1,1.2157
Wdr19,-1.2155
Caap1,1.2154
Slc30a10,-1.2154
Cox8a,1.2153
Chid1,-1.2152
Asic2,-1.2152
Dlat,1.2152
Rtel1,-1.2152
Ncdn,-1.2151
Hcn3,1.2151
Fam220a,-1.215
Exd2,-1.2148
Vopp1,1.2148
Esrra,1.2147
Ndufa2,-1.2147
Pik3cd,1.2145
Jmjd8,-1.2145
Usp40,-1.2144
Sesn3,1.2143
Ankib1,1.2141
Glce,1.2141
Znrf3,-1.2141
Sf3a3,-1.2138
Mark4,1.2134
Nfyc,-1.2133
Ppp2r5a,1.2132
Arpc1a,-1.2132
Inpp5j,-1.2132
Rps6ka3,1.2132
Dtx3,-1.2131
Snapc4,-1.2129
Commd5,-1.2128
Nbl1,1.2127
Snx6,1.2124
Pcdhga11,-1.2123
Ell,-1.2123
Zfp619,-1.2123
Spast,1.2119
Zfp39,-1.2118
Rab5a,1.2115
Mafg,1.2114
Rpl14,-1.2114
Lpcat1,1.2111
Ccnc,1.2111
Mrpl23,-1.2109
Stmn3,1.2108
Mob4,1.2108
Hyal2,-1.2106
Slc25a1,1.2105
Sp2,-1.2105
Senp1,-1.2105
Sgtb,1.2103
Isca1,1.2102
Zfp13,-1.2101
Fndc10,-1.2101
Fbxo6,-1.2101
Parp1,-1.2101
Snx1,1.2099
Trappc2l,-1.2098
Mast3,-1.2097
Ank,-1.2096
Map2,1.2094
Snx4,1.2093
Lmln,1.2093
Mbp,1.2091
Map3k10,1.2091
Kirrel3,-1.209
4933404O12Rik,-1.2088
Chic1,1.2088
Adgrb3,-1.2086
Mapk1ip1,-1.2085
Sult4a1,1.2085
Gm12669,1.2084
Sgk3,-1.2082
Ankrd45,-1.2081
Odf2,-1.2081
Mrpl11,-1.2081
Aagab,-1.2081
Zmym3,-1.2081
Trerf1,-1.2079
Armt1,-1.2076
Cep97,1.2075
Map3k3,-1.2074
Kcna3,-1.2073
Leprotl1,1.2073
4930430F08Rik,1.2071
Rfk,1.2069
Ppm1d,-1.2069
Kif5b,1.2069
Neto1,1.2068
Smc1a,-1.2067
Osbpl6,1.2063
Jph4,-1.2062
U2af1,-1.2059
2610005L07Rik,-1.2058
Ankrd13c,1.2057
Mettl4,-1.2056
Gstm4,-1.2056
Dennd1a,-1.2056
Hist3h2a,1.2055
Chmp2b,1.2054
Tmem70,1.2054
Idh3a,1.2052
Aph1b,1.2051
Synrg,-1.2051
Fam185a,1.2051
Ddah1,1.205
Arrb2,-1.2049
Endov,-1.2049
Gas2l1,1.2048
Tmem206,1.2048
Dynll2,1.2048
Rpusd1,-1.2048
BC029722,1.2048
Apba1,1.2048
Ube2j1,1.2047
Tmem132b,-1.2047
Slc25a28,-1.2043
Pfdn6,-1.2043
Irak1,-1.2042
Cox11,1.2041
Bicd1,1.204
Dhcr7,1.2039
Adrb1,1.2039
Prkg1,-1.2038
Otud1,1.2036
Cend1,1.2036
Mpi,-1.2034
Cep170,1.2033
Zbtb22,-1.2031
Cnot10,-1.2029
Opcml,1.2029
Fnbp1,-1.2028
Cltb,1.2028
Wsb2,1.2026
Dhcr24,1.2026
Dlgap4,1.2025
2810021J22Rik,-1.2024
Ap1m1,-1.2024
Pop7,-1.2024
Capn2,1.2023
Clip2,1.2022
Cacng7,-1.2021
Snrpd2,-1.2021
Ube2h,1.2021
Ttll12,1.202
Adss,1.2015
Pign,1.2015
Mettl16,1.2014
Gna12,1.2014
Crtc3,-1.2014
Ksr1,-1.2014
P2ry13,-1.2012
Ube2a,1.2012
Sertad4,-1.201
BC030336,-1.2007
Polr3k,1.2005
Impad1,1.2004
Tbk1,1.2004
Bcl2l1,-1.2003
9330159F19Rik,1.2003
Gnl2,-1.2002
Shroom2,1.2002
Pcmtd1,1.2001
Sp1,-1.2001
Me2,1.2001
Anks3,-1.2